insert into author (id, `name`) values (1, 'Булгаков Михаил Афанасьевич');
insert into author (id, `name`) values (2, 'Горький Максим');
insert into author (id, `name`) values (3, 'Грибоедов Александр Сергеевич');
insert into author (id, `name`) values (4, 'Грин  Александр Степанович');
insert into author (id, `name`) values (5, 'Достоевский Федор Михайлович');
insert into author (id, `name`) values (6, 'Куприн Александр Иванович');
insert into author (id, `name`) values (7, 'Лермонтов Михаил Юрьевич');
insert into author (id, `name`) values (8, 'Маяковский Владимир Владимирович');
insert into author (id, `name`) values (9, 'Некрасов Николай Алексеевич');
insert into author (id, `name`) values (10, 'Пришвин Михаил Михайлович');
insert into author (id, `name`) values (11, 'Пушкин Александр Сергеевич');
insert into author (id, `name`) values (12, 'Радищев Александр Николаевич');
insert into author (id, `name`) values (13, 'Солженицын Александр Исаевич');
insert into author (id, `name`) values (14, 'Толстой Лев Николаевич');
insert into author (id, `name`) values (15, 'Тургенев Иван Сергеевич');
insert into author (id, `name`) values (16, 'Чехов Антон Павлович');
insert into author (id, `name`) values (17, 'Есенин Сергей Александрович');

insert into books (id, `name`) values (1, 'Мастер и Маргарита');
insert into books (id, `name`) values (2, 'Собачье сердце');
insert into books (id, `name`) values (3, 'Старуха Изергиль');
insert into books (id, `name`) values (4, 'Горе от ума');
insert into books (id, `name`) values (5, 'Алые паруса');
insert into books (id, `name`) values (6, 'Преступление и наказание');
insert into books (id, `name`) values (7, 'Письмо к женщине');
insert into books (id, `name`) values (8, 'Гранатовый браслет');
insert into books (id, `name`) values (9, 'Герои нашего времени');
insert into books (id, `name`) values (10, 'Сборник стихов');
insert into books (id, `name`) values (11, 'Кому на Руси жить хорошо');
insert into books (id, `name`) values (12, 'Кладовая солнца');
insert into books (id, `name`) values (13, 'Сборник сказок');
insert into books (id, `name`) values (14, 'Капитанская дочка');
insert into books (id, `name`) values (15, 'Путешествие из Петербурга в Москву');
insert into books (id, `name`) values (16, 'Один день Ивана Денсовича');
insert into books (id, `name`) values (17, 'Война и мир (1-4 том)');
insert into books (id, `name`) values (18, 'Отцы и дети');
insert into books (id, `name`) values (19, 'Муму');
insert into books (id, `name`) values (20, 'Дама с собачкой');

insert into style (id, `name`) values (1, 'Роман');
insert into style (id, `name`) values (2, 'Сатира');
insert into style (id, `name`) values (3, 'Любовный роман');
insert into style (id, `name`) values (4, 'Фантастика');
insert into style (id, `name`) values (5, 'Фэнтези');
insert into style (id, `name`) values (6, 'Модернистская литература');
insert into style (id, `name`) values (7, 'Научная фантастика');
insert into style (id, `name`) values (8, 'Художественное произведение');
insert into style (id, `name`) values (9, 'Комедия');
insert into style (id, `name`) values (10, 'Филосовский роман');
insert into style (id, `name`) values (11, 'Психологический реализм');
insert into style (id, `name`) values (12, 'Поэзия');
insert into style (id, `name`) values (13, 'Новелла');
insert into style (id, `name`) values (14, 'Романтизм');
insert into style (id, `name`) values (15, 'Эпос');
insert into style (id, `name`) values (16, 'Сказки');
insert into style (id, `name`) values (17, 'Историческая драма');
insert into style (id, `name`) values (18, 'Повесть');
insert into style (id, `name`) values (19, 'Филосовский роман');
insert into style (id, `name`) values (20, 'Рассказ');

insert into link_author(book_id, author_id) values (1, 1);
insert into link_author(book_id, author_id) values (2, 1);
insert into link_author(book_id, author_id) values (3, 2);
insert into link_author(book_id, author_id) values (4, 3);
insert into link_author(book_id, author_id) values (5, 4);
insert into link_author(book_id, author_id) values (6, 5);
insert into link_author(book_id, author_id) values (7, 17);
insert into link_author(book_id, author_id) values (8, 6);
insert into link_author(book_id, author_id) values (9, 7);
insert into link_author(book_id, author_id) values (10, 8);
insert into link_author(book_id, author_id) values (11, 9);
insert into link_author(book_id, author_id) values (12, 10);
insert into link_author(book_id, author_id) values (13, 11);
insert into link_author(book_id, author_id) values (14, 11);
insert into link_author(book_id, author_id) values (15, 12);
insert into link_author(book_id, author_id) values (16, 13);
insert into link_author(book_id, author_id) values (17, 14);
insert into link_author(book_id, author_id) values (18, 15);
insert into link_author(book_id, author_id) values (19, 15);
insert into link_author(book_id, author_id) values (20, 16);

insert into link_style(book_id, style_id) values (1, 1);
insert into link_style(book_id, style_id) values (1, 2);
insert into link_style(book_id, style_id) values (1, 3);
insert into link_style(book_id, style_id) values (1, 4);
insert into link_style(book_id, style_id) values (1, 5);
insert into link_style(book_id, style_id) values (1, 6);
insert into link_style(book_id, style_id) values (2, 2);
insert into link_style(book_id, style_id) values (2, 7);
insert into link_style(book_id, style_id) values (3, 8);
insert into link_style(book_id, style_id) values (4, 9);
insert into link_style(book_id, style_id) values (5, 8);
insert into link_style(book_id, style_id) values (6, 10);
insert into link_style(book_id, style_id) values (6, 11);
insert into link_style(book_id, style_id) values (7, 12);
insert into link_style(book_id, style_id) values (8, 11);
insert into link_style(book_id, style_id) values (8, 13);
insert into link_style(book_id, style_id) values (9, 11);
insert into link_style(book_id, style_id) values (9, 14);
insert into link_style(book_id, style_id) values (10, 12);
insert into link_style(book_id, style_id) values (11, 15);
insert into link_style(book_id, style_id) values (12, 8);
insert into link_style(book_id, style_id) values (13, 16);
insert into link_style(book_id, style_id) values (14, 17);
insert into link_style(book_id, style_id) values (15, 18);
insert into link_style(book_id, style_id) values (16, 1);
insert into link_style(book_id, style_id) values (16, 8);
insert into link_style(book_id, style_id) values (17, 1);
insert into link_style(book_id, style_id) values (18, 3);
insert into link_style(book_id, style_id) values (18, 19);
insert into link_style(book_id, style_id) values (19, 8);
insert into link_style(book_id, style_id) values (20, 20);
